,동별,구분별,2008,2009,2010,2011,2012,2013,2014,2015,2016,2017,2018,2019,2020,2021,2022,2023,2024
0,합계,세대,4064117.0,4107632.0,4121193.0,4221613.0,4192477.0,4182314.0,4190331.0,4202812.0,4194485.0,4202888.0,4237610.0,4290922.0,4354006.0,4400403.0,4451444.0,4463385.0,4485819.0
1,합계,계,10456095.0,10492176.0,10464171.0,10581728.0,10519780.0,10437737.0,10385494.0,10369067.0,10282821.0,10197604.0,10112070.0,10054979.0,10013781.0,9828094.0,9732617.0,9668008.0,9635445.0
2,합계,남자,5189559.0,5201338.0,5181117.0,5238674.0,5202479.0,5155053.0,5122507.0,5106034.0,5053675.0,5000005.0,4948481.0,4909387.0,4874995.0,4774856.0,4716704.0,4672170.0,4644729.0
3,합계,여자,5266536.0,5290838.0,5283054.0,5343054.0,5317301.0,5282684.0,5262987.0,5263033.0,5229146.0,5197599.0,5163589.0,5145592.0,5138786.0,5053238.0,5015913.0,4995838.0,4990716.0
4,합계,한국인,10206136.0,10225908.0,10208670.0,10307783.0,10245782.0,10192057.0,10141727.0,10100987.0,10009588.0,9926968.0,9838892.0,9770216.0,9733655.0,9598484.0,9506778.0,9426404.0,9384739.0
5,합계,남자,5068143.0,5072811.0,5059504.0,5107011.0,5070498.0,5037288.0,5004714.0,4976047.0,4922103.0,4871560.0,4817507.0,4772134.0,4742217.0,4667524.0,4613910.0,4566299.0,4536128.0
6,합계,여자,5137993.0,5153097.0,5149166.0,5200772.0,5175284.0,5154769.0,5137013.0,5124940.0,5087485.0,5055408.0,5021385.0,4998082.0,4991438.0,4930960.0,4892868.0,4860105.0,4848611.0
7,합계,등록외국인,249959.0,266268.0,255501.0,273945.0,273998.0,245680.0,243767.0,268080.0,273233.0,270636.0,273178.0,284763.0,280126.0,229610.0,225839.0,241604.0,250706.0
8,합계,남자,121416.0,128527.0,121613.0,131663.0,131981.0,117765.0,117793.0,129987.0,131572.0,128445.0,130974.0,137253.0,132778.0,107332.0,102794.0,105871.0,108601.0
9,합계,여자,128543.0,137741.0,133888.0,142282.0,142017.0,127915.0,125974.0,138093.0,141661.0,142191.0,142204.0,147510.0,147348.0,122278.0,123045.0,135733.0,142105.0
10,합계,세대당인구,2.5112801,2.49,2.48,2.44,2.44,2.44,2.42,2.4,2.39,2.36,2.32,2.28,2.24,2.18,2.14,2.11,2.09
11,합계,65세이상고령자,871420.0,914858.0,956414.0,1018534.0,1071161.0,1130508.0,1183979.0,1239431.0,1280268.0,1321458.0,1382420.0,1436125.0,1518239.0,1567819.0,1628980.0,1690961.0,1768948.0
12,종로구,세대,72934.0,74609.0,74300.0,77380.0,76702.0,74581.0,73689.0,73218.0,73146.0,72654.0,73879.0,73914.0,74151.0,74113.0,73766.0,72679.0,72404.0
13,종로구,계,176619.0,179661.0,177023.0,179068.0,176766.0,170681.0,167350.0,165240.0,163993.0,162820.0,164348.0,162913.0,161984.0,156567.0,153684.0,152212.0,150550.0
14,종로구,남자,88217.0,89697.0,88225.0,89119.0,87774.0,84719.0,82845.0,81256.0,80548.0,79675.0,79962.0,78963.0,78271.0,75772.0,74018.0,72819.0,71861.0
15,종로구,여자,88402.0,89964.0,88798.0,89949.0,88992.0,85962.0,84505.0,83984.0,83445.0,83145.0,84386.0,83950.0,83713.0,80795.0,79666.0,79393.0,78689.0
16,종로구,한국인,168162.0,170410.0,168158.0,170099.0,167967.0,162777.0,159551.0,156645.0,155142.0,153589.0,154549.0,152778.0,151217.0,147296.0,144275.0,141060.0,139498.0
17,종로구,남자,84124.0,85284.0,84088.0,84910.0,83677.0,81033.0,79153.0,77431.0,76593.0,75611.0,75749.0,74536.0,73704.0,71644.0,69911.0,68170.0,67228.0
18,종로구,여자,84038.0,85126.0,84070.0,85189.0,84290.0,81744.0,80398.0,79214.0,78549.0,77978.0,78800.0,78242.0,77513.0,75652.0,74364.0,72890.0,72270.0
19,종로구,등록외국인,8457.0,9251.0,8865.0,8969.0,8799.0,7904.0,7799.0,8595.0,8851.0,9231.0,9799.0,10135.0,10767.0,9271.0,9409.0,11152.0,11052.0
20,종로구,남자,4093.0,4413.0,4137.0,4209.0,4097.0,3686.0,3692.0,3825.0,3955.0,4064.0,4213.0,4427.0,4567.0,4128.0,4107.0,4649.0,4633.0
21,종로구,여자,4364.0,4838.0,4728.0,4760.0,4702.0,4218.0,4107.0,4770.0,4896.0,5167.0,5586.0,5708.0,6200.0,5143.0,5302.0,6503.0,6419.0
22,종로구,세대당인구,2.3056736,2.28,2.26,2.2,2.19,2.18,2.17,2.14,2.12,2.11,2.09,2.07,2.04,1.99,1.96,1.94,1.93
23,종로구,65세이상고령자,19626.0,20379.0,20925.0,22595.0,23300.0,23853.0,24237.0,24712.0,24999.0,25425.0,26429.0,26981.0,28073.0,27781.0,28064.0,28265.0,29127.0
24,중구,세대,57662.0,58161.0,58472.0,61419.0,62380.0,61217.0,60481.0,60043.0,59339.0,59481.0,60903.0,61800.0,63045.0,63746.0,63767.0,63862.0,65132.0
25,중구,계,138233.0,139047.0,138102.0,141401.0,143727.0,140127.0,137466.0,136063.0,134436.0,133240.0,135139.0,135836.0,136469.0,133708.0,131450.0,131390.0,131812.0
26,중구,남자,68903.0,69472.0,69175.0,71005.0,72210.0,70339.0,68721.0,67858.0,66747.0,65790.0,66582.0,66720.0,66769.0,65312.0,63869.0,63576.0,63506.0
27,중구,여자,69330.0,69575.0,68927.0,70396.0,71517.0,69788.0,68745.0,68205.0,67689.0,67450.0,68557.0,69116.0,69700.0,68396.0,67581.0,67814.0,68306.0
28,중구,한국인,130042.0,130292.0,129786.0,132913.0,135444.0,132652.0,129940.0,127843.0,125765.0,124312.0,126082.0,125942.0,126175.0,124552.0,122173.0,120963.0,121602.0
29,중구,남자,64910.0,65204.0,65216.0,66914.0,68188.0,66605.0,65029.0,63890.0,62653.0,61656.0,62376.0,61992.0,61839.0,60851.0,59448.0,58699.0,58767.0
30,중구,여자,65132.0,65088.0,64570.0,65999.0,67256.0,66047.0,64911.0,63953.0,63112.0,62656.0,63706.0,63950.0,64336.0,63701.0,62725.0,62264.0,62835.0
31,중구,등록외국인,8191.0,8755.0,8316.0,8488.0,8283.0,7475.0,7526.0,8220.0,8671.0,8928.0,9057.0,9894.0,10294.0,9156.0,9277.0,10427.0,10210.0
32,중구,남자,3993.0,4268.0,3959.0,4091.0,4022.0,3734.0,3692.0,3968.0,4094.0,4134.0,4206.0,4728.0,4930.0,4461.0,4421.0,4877.0,4739.0
33,중구,여자,4198.0,4487.0,4357.0,4397.0,4261.0,3741.0,3834.0,4252.0,4577.0,4794.0,4851.0,5166.0,5364.0,4695.0,4856.0,5550.0,5471.0
34,중구,세대당인구,2.2552461,2.24,2.22,2.16,2.17,2.17,2.15,2.13,2.12,2.09,2.07,2.04,2.0,1.95,1.92,1.89,1.87
35,중구,65세이상고령자,15152.0,15620.0,16208.0,17707.0,18546.0,19100.0,19581.0,20132.0,20431.0,20764.0,21655.0,22421.0,23794.0,24767.0,24742.0,25353.0,26302.0
36,용산구,세대,105217.0,107275.0,107407.0,113264.0,112049.0,110479.0,109487.0,108506.0,107342.0,106544.0,108497.0,109413.0,110895.0,112881.0,111207.0,109735.0,106272.0
37,용산구,계,249346.0,252120.0,250844.0,257881.0,258374.0,254749.0,251651.0,250003.0,247297.0,244203.0,245411.0,245139.0,246165.0,243336.0,236518.0,232482.0,223433.0
38,용산구,남자,122837.0,124106.0,123295.0,126036.0,126239.0,124300.0,122882.0,122096.0,120607.0,119132.0,119985.0,119597.0,119961.0,118120.0,114571.0,112608.0,107837.0
39,용산구,여자,126509.0,128014.0,127549.0,131845.0,132135.0,130449.0,128769.0,127907.0,126690.0,125071.0,125426.0,125542.0,126204.0,125216.0,121947.0,119874.0,115596.0
40,용산구,한국인,236342.0,239179.0,238366.0,245361.0,245711.0,242630.0,239381.0,235723.0,232684.0,229456.0,229909.0,229168.0,229579.0,229013.0,222169.0,217756.0,209849.0
41,용산구,남자,116060.0,117235.0,116764.0,119600.0,119742.0,118012.0,116309.0,114406.0,112719.0,111167.0,111262.0,110626.0,110667.0,110181.0,106735.0,104640.0,100488.0
42,용산구,여자,120282.0,121944.0,121602.0,125761.0,125969.0,124618.0,123072.0,121317.0,119965.0,118289.0,118647.0,118542.0,118912.0,118832.0,115434.0,113116.0,109361.0
43,용산구,등록외국인,13004.0,12941.0,12478.0,12520.0,12663.0,12119.0,12270.0,14280.0,14613.0,14747.0,15502.0,15971.0,16586.0,14323.0,14349.0,14726.0,13584.0
44,용산구,남자,6777.0,6871.0,6531.0,6436.0,6497.0,6288.0,6573.0,7690.0,7888.0,7965.0,8723.0,8971.0,9294.0,7939.0,7836.0,7968.0,7349.0
45,용산구,여자,6227.0,6070.0,5947.0,6084.0,6166.0,5831.0,5697.0,6590.0,6725.0,6782.0,6779.0,7000.0,7292.0,6384.0,6513.0,6758.0,6235.0
46,용산구,세대당인구,2.246234,2.23,2.22,2.17,2.19,2.2,2.19,2.17,2.17,2.15,2.12,2.09,2.07,2.03,2.0,1.98,1.97
47,용산구,65세이상고령자,26539.0,27553.0,28436.0,31231.0,32230.0,33404.0,34357.0,35359.0,35912.0,36231.0,37238.0,38049.0,39439.0,39575.0,39461.0,39478.0,39671.0
48,성동구,세대,135438.0,127584.0,126942.0,128922.0,125880.0,127035.0,126714.0,126021.0,126666.0,130868.0,134543.0,137247.0,135643.0,135883.0,134533.0,133513.0,133374.0
49,성동구,계,340724.0,320180.0,316113.0,314993.0,308020.0,309312.0,306597.0,303777.0,304565.0,311244.0,314551.0,314608.0,307193.0,298421.0,291609.0,287240.0,284258.0
50,성동구,남자,170906.0,160384.0,158228.0,157705.0,154187.0,154328.0,152691.0,151003.0,151019.0,153768.0,154672.0,154011.0,149891.0,145358.0,141662.0,139171.0,137288.0
51,성동구,여자,169818.0,159796.0,157885.0,157288.0,153833.0,154984.0,153906.0,152774.0,153546.0,157476.0,159879.0,160597.0,157302.0,153063.0,149947.0,148069.0,146970.0
52,성동구,한국인,331929.0,311611.0,308144.0,306941.0,300078.0,302038.0,299416.0,295901.0,296575.0,303380.0,306532.0,306404.0,299042.0,291906.0,285073.0,280240.0,276964.0
53,성동구,남자,166580.0,156203.0,154389.0,153873.0,150388.0,150875.0,149232.0,147211.0,147198.0,150076.0,150937.0,150287.0,146300.0,142506.0,138847.0,136233.0,134232.0
54,성동구,여자,165349.0,155408.0,153755.0,153068.0,149690.0,151163.0,150184.0,148690.0,149377.0,153304.0,155595.0,156117.0,152742.0,149400.0,146226.0,144007.0,142732.0
55,성동구,등록외국인,8795.0,8569.0,7969.0,8052.0,7942.0,7274.0,7181.0,7876.0,7990.0,7864.0,8019.0,8204.0,8151.0,6515.0,6536.0,7000.0,7294.0
56,성동구,남자,4326.0,4181.0,3839.0,3832.0,3799.0,3453.0,3459.0,3792.0,3821.0,3692.0,3735.0,3724.0,3591.0,2852.0,2815.0,2938.0,3056.0
57,성동구,여자,4469.0,4388.0,4130.0,4220.0,4143.0,3821.0,3722.0,4084.0,4169.0,4172.0,4284.0,4480.0,4560.0,3663.0,3721.0,4062.0,4238.0
58,성동구,세대당인구,2.4507819,2.44,2.43,2.38,2.38,2.38,2.36,2.35,2.34,2.32,2.28,2.23,2.2,2.15,2.12,2.1,2.08
59,성동구,65세이상고령자,30237.0,29766.0,30704.0,32327.0,33341.0,34721.0,35863.0,37162.0,38559.0,39997.0,41752.0,43076.0,44728.0,45968.0,46896.0,48238.0,50098.0
60,광진구,세대,154892.0,156191.0,156264.0,159580.0,158486.0,158987.0,159650.0,159056.0,158593.0,158960.0,161407.0,163460.0,165287.0,166638.0,169483.0,169787.0,170557.0
61,광진구,계,388123.0,388376.0,386292.0,388811.0,386283.0,383806.0,381017.0,377204.0,374798.0,372164.0,371671.0,370658.0,365990.0,356191.0,353110.0,350925.0,350925.0
62,광진구,남자,192396.0,192090.0,190823.0,192008.0,190593.0,188983.0,187140.0,184750.0,182951.0,180992.0,180206.0,179162.0,176226.0,171131.0,169525.0,167983.0,167245.0
63,광진구,여자,195727.0,196286.0,195469.0,196803.0,195690.0,194823.0,193877.0,192454.0,191847.0,191172.0,191465.0,191496.0,189764.0,185060.0,183585.0,182942.0,183680.0
64,광진구,한국인,377272.0,375826.0,373586.0,374794.0,371769.0,371170.0,368325.0,363136.0,360083.0,357211.0,357149.0,354873.0,350417.0,343392.0,340707.0,336801.0,335105.0
65,광진구,남자,187341.0,186234.0,185087.0,185616.0,183961.0,183297.0,181376.0,178432.0,176451.0,174599.0,173946.0,172361.0,169568.0,165747.0,164346.0,162209.0,160888.0
66,광진구,여자,189931.0,189592.0,188499.0,189178.0,187808.0,187873.0,186949.0,184704.0,183632.0,182612.0,183203.0,182512.0,180849.0,177645.0,176361.0,174592.0,174217.0
67,광진구,등록외국인,10851.0,12550.0,12706.0,14017.0,14514.0,12636.0,12692.0,14068.0,14715.0,14953.0,14522.0,15785.0,15573.0,12799.0,12403.0,14124.0,15820.0
68,광진구,남자,5055.0,5856.0,5736.0,6392.0,6632.0,5686.0,5764.0,6318.0,6500.0,6393.0,6260.0,6801.0,6658.0,5384.0,5179.0,5774.0,6357.0
69,광진구,여자,5796.0,6694.0,6970.0,7625.0,7882.0,6950.0,6928.0,7750.0,8215.0,8560.0,8262.0,8984.0,8915.0,7415.0,7224.0,8350.0,9463.0
70,광진구,세대당인구,2.43571,2.41,2.39,2.35,2.35,2.33,2.31,2.28,2.27,2.25,2.21,2.17,2.12,2.06,2.01,1.98,1.96
71,광진구,65세이상고령자,27805.0,29243.0,30765.0,32580.0,34340.0,36427.0,38075.0,39469.0,40764.0,42214.0,44470.0,46288.0,48989.0,50370.0,52604.0,54854.0,57768.0
72,동대문구,세대,156977.0,156529.0,153517.0,158890.0,158294.0,157854.0,159399.0,160384.0,160378.0,159839.0,160489.0,162228.0,165279.0,165924.0,169695.0,171140.0,174010.0
73,동대문구,계,385849.0,382646.0,374039.0,380320.0,378791.0,374958.0,375709.0,376329.0,373657.0,369496.0,364962.0,363262.0,362793.0,352570.0,352592.0,354884.0,360211.0
74,동대문구,남자,193857.0,192243.0,187583.0,190779.0,189689.0,187614.0,187701.0,187486.0,185627.0,182932.0,180381.0,179100.0,178202.0,173309.0,172318.0,172178.0,174269.0
75,동대문구,여자,191992.0,190403.0,186456.0,189541.0,189102.0,187344.0,188008.0,188843.0,188030.0,186564.0,184581.0,184162.0,184591.0,179261.0,180274.0,182706.0,185942.0
76,동대문구,한국인,375465.0,370617.0,361812.0,367454.0,365699.0,362625.0,363567.0,363767.0,359864.0,354079.0,349308.0,346750.0,346156.0,338875.0,337982.0,337574.0,341987.0
77,동대문구,남자,189150.0,186837.0,182250.0,185183.0,184103.0,182386.0,182569.0,182466.0,180230.0,177021.0,174476.0,172784.0,171896.0,167895.0,166823.0,165933.0,167574.0
78,동대문구,여자,186315.0,183780.0,179562.0,182271.0,181596.0,180239.0,180998.0,181301.0,179634.0,177058.0,174832.0,173966.0,174260.0,170980.0,171159.0,171641.0,174413.0
79,동대문구,등록외국인,10384.0,12029.0,12227.0,12866.0,13092.0,12333.0,12142.0,12562.0,13793.0,15417.0,15654.0,16512.0,16637.0,13695.0,14610.0,17310.0,18224.0
80,동대문구,남자,4707.0,5406.0,5333.0,5596.0,5586.0,5228.0,5132.0,5020.0,5397.0,5911.0,5905.0,6316.0,6306.0,5414.0,5495.0,6245.0,6695.0
81,동대문구,여자,5677.0,6623.0,6894.0,7270.0,7506.0,7105.0,7010.0,7542.0,8396.0,9506.0,9749.0,10196.0,10331.0,8281.0,9115.0,11065.0,11529.0
82,동대문구,세대당인구,2.3918472,2.37,2.36,2.31,2.31,2.3,2.28,2.27,2.24,2.22,2.18,2.14,2.09,2.04,1.99,1.97,1.97
83,동대문구,65세이상고령자,37776.0,39163.0,40300.0,43106.0,45141.0,47493.0,49664.0,51559.0,52965.0,54173.0,56284.0,57570.0,60367.0,60868.0,62963.0,65154.0,67880.0
84,중랑구,세대,168382.0,171214.0,172270.0,176003.0,174927.0,174447.0,175731.0,176862.0,176721.0,177548.0,179600.0,181182.0,182220.0,185506.0,187693.0,187898.0,188653.0
85,중랑구,계,431988.0,432565.0,431283.0,431787.0,427522.0,422877.0,422930.0,422825.0,418341.0,414503.0,411552.0,407211.0,400678.0,396807.0,393600.0,389928.0,387433.0
86,중랑구,남자,215714.0,216202.0,215350.0,215949.0,213697.0,211313.0,211180.0,210811.0,208235.0,206102.0,204411.0,201808.0,198122.0,195639.0,193623.0,191122.0,189247.0
87,중랑구,여자,216274.0,216363.0,215933.0,215838.0,213825.0,211564.0,211750.0,212014.0,210106.0,208401.0,207141.0,205403.0,202556.0,201168.0,199977.0,198806.0,198186.0
88,중랑구,한국인,427182.0,427413.0,426422.0,426852.0,422621.0,418569.0,418475.0,418250.0,413605.0,409882.0,406868.0,402203.0,395619.0,392041.0,389043.0,385003.0,381966.0
89,중랑구,남자,213813.0,214137.0,213434.0,214026.0,211771.0,209695.0,209437.0,208950.0,206344.0,204265.0,202526.0,199730.0,196076.0,193752.0,191835.0,189186.0,187102.0
90,중랑구,여자,213369.0,213276.0,212988.0,212826.0,210850.0,208874.0,209038.0,209300.0,207261.0,205617.0,204342.0,202473.0,199543.0,198289.0,197208.0,195817.0,194864.0
91,중랑구,등록외국인,4806.0,5152.0,4861.0,4935.0,4901.0,4308.0,4455.0,4575.0,4736.0,4621.0,4684.0,5008.0,5059.0,4766.0,4557.0,4925.0,5467.0
92,중랑구,남자,1901.0,2065.0,1916.0,1923.0,1926.0,1618.0,1743.0,1861.0,1891.0,1837.0,1885.0,2078.0,2046.0,1887.0,1788.0,1936.0,2145.0
93,중랑구,여자,2905.0,3087.0,2945.0,3012.0,2975.0,2690.0,2712.0,2714.0,2845.0,2784.0,2799.0,2930.0,3013.0,2879.0,2769.0,2989.0,3322.0
94,중랑구,세대당인구,2.5369814,2.5,2.48,2.43,2.42,2.4,2.38,2.36,2.34,2.31,2.27,2.22,2.17,2.11,2.07,2.05,2.02
95,중랑구,65세이상고령자,35746.0,37842.0,40019.0,42282.0,44801.0,47289.0,49935.0,52818.0,54687.0,56774.0,59992.0,62789.0,66764.0,69841.0,72851.0,76116.0,80250.0
96,성북구,세대,187937.0,191547.0,193148.0,201594.0,199168.0,198094.0,196661.0,193560.0,190957.0,188512.0,187234.0,188670.0,193801.0,193965.0,197296.0,197859.0,197445.0
97,성북구,계,478760.0,483393.0,484359.0,498616.0,493973.0,490566.0,484786.0,475900.0,468699.0,461260.0,453902.0,450021.0,454532.0,444295.0,442680.0,441855.0,436901.0
98,성북구,남자,237263.0,239242.0,239324.0,245935.0,243328.0,240894.0,237678.0,232809.0,228530.0,224076.0,220024.0,217400.0,218561.0,213586.0,212277.0,210937.0,208020.0
99,성북구,여자,241497.0,244151.0,245035.0,252681.0,250645.0,249672.0,247108.0,243091.0,240169.0,237184.0,233878.0,232621.0,235971.0,230709.0,230403.0,230918.0,228881.0
100,성북구,한국인,471030.0,474934.0,475888.0,489703.0,484653.0,481651.0,475951.0,466228.0,458450.0,449773.0,442226.0,438245.0,442494.0,434826.0,433150.0,430100.0,424881.0
101,성북구,남자,233835.0,235489.0,235634.0,242147.0,239339.0,237169.0,234031.0,228825.0,224361.0,219545.0,215421.0,212830.0,213926.0,209902.0,208691.0,206634.0,203700.0
102,성북구,여자,237195.0,239445.0,240254.0,247556.0,245314.0,244482.0,241920.0,237403.0,234089.0,230228.0,226805.0,225415.0,228568.0,224924.0,224459.0,223466.0,221181.0
103,성북구,등록외국인,7730.0,8459.0,8471.0,8913.0,9320.0,8915.0,8835.0,9672.0,10249.0,11487.0,11676.0,11776.0,12038.0,9469.0,9530.0,11755.0,12020.0
104,성북구,남자,3428.0,3753.0,3690.0,3788.0,3989.0,3725.0,3647.0,3984.0,4169.0,4531.0,4603.0,4570.0,4635.0,3684.0,3586.0,4303.0,4320.0
105,성북구,여자,4302.0,4706.0,4781.0,5125.0,5331.0,5190.0,5188.0,5688.0,6080.0,6956.0,7073.0,7206.0,7403.0,5785.0,5944.0,7452.0,7700.0
106,성북구,세대당인구,2.5063186,2.48,2.46,2.43,2.43,2.43,2.42,2.41,2.4,2.39,2.36,2.32,2.28,2.24,2.2,2.17,2.15
107,성북구,65세이상고령자,45597.0,48012.0,49999.0,53839.0,56146.0,58968.0,61058.0,62695.0,63782.0,64692.0,66896.0,68612.0,72172.0,73158.0,75719.0,78427.0,81280.0
108,강북구,세대,135387.0,136270.0,136703.0,142892.0,142951.0,142061.0,140959.0,141463.0,141053.0,141554.0,143139.0,143663.0,144805.0,144410.0,144725.0,144557.0,143338.0
109,강북구,계,347344.0,345346.0,342669.0,349943.0,349569.0,345850.0,340418.0,337996.0,333615.0,330192.0,327511.0,321151.0,316750.0,307537.0,300824.0,296934.0,291372.0
110,강북구,남자,172153.0,170932.0,169573.0,173250.0,172594.0,170629.0,167685.0,166245.0,163819.0,161686.0,159853.0,156525.0,154141.0,149582.0,145934.0,143493.0,140165.0
111,강북구,여자,175191.0,174414.0,173096.0,176693.0,176975.0,175221.0,172733.0,171751.0,169796.0,168506.0,167658.0,164626.0,162609.0,157955.0,154890.0,153441.0,151207.0
112,강북구,한국인,343941.0,341705.0,339150.0,346367.0,345926.0,342574.0,337210.0,334582.0,330058.0,326686.0,323862.0,317386.0,312985.0,304078.0,297384.0,292762.0,286400.0
113,강북구,남자,170859.0,169568.0,168275.0,171946.0,171218.0,169407.0,166477.0,164899.0,162445.0,160353.0,158440.0,155075.0,152747.0,148306.0,144643.0,142028.0,138474.0
114,강북구,여자,173082.0,172137.0,170875.0,174421.0,174708.0,173167.0,170733.0,169683.0,167613.0,166333.0,165422.0,162311.0,160238.0,155772.0,152741.0,150734.0,147926.0
115,강북구,등록외국인,3403.0,3641.0,3519.0,3576.0,3643.0,3276.0,3208.0,3414.0,3557.0,3506.0,3649.0,3765.0,3765.0,3459.0,3440.0,4172.0,4972.0
116,강북구,남자,1294.0,1364.0,1298.0,1304.0,1376.0,1222.0,1208.0,1346.0,1374.0,1333.0,1413.0,1450.0,1394.0,1276.0,1291.0,1465.0,1691.0
117,강북구,여자,2109.0,2277.0,2221.0,2272.0,2267.0,2054.0,2000.0,2068.0,2183.0,2173.0,2236.0,2315.0,2371.0,2183.0,2149.0,2707.0,3281.0
118,강북구,세대당인구,2.5404285,2.51,2.48,2.42,2.42,2.41,2.39,2.37,2.34,2.31,2.26,2.21,2.16,2.11,2.05,2.03,2.0
119,강북구,65세이상고령자,35403.0,37287.0,39312.0,42156.0,44480.0,46923.0,49173.0,51531.0,53023.0,54813.0,57002.0,58858.0,61660.0,62893.0,64961.0,67056.0,69366.0
120,도봉구,세대,138623.0,139511.0,138629.0,140438.0,138689.0,137901.0,137632.0,137094.0,136687.0,136613.0,137479.0,138175.0,138595.0,138120.0,138836.0,138376.0,138756.0
121,도봉구,계,378390.0,376087.0,371095.0,370209.0,366821.0,363682.0,359731.0,355282.0,352521.0,348646.0,345041.0,340089.0,333495.0,323752.0,318100.0,312858.0,308864.0
122,도봉구,남자,187545.0,186055.0,183426.0,182989.0,181248.0,179569.0,177381.0,174971.0,173342.0,171026.0,168833.0,166218.0,162774.0,157562.0,154440.0,151589.0,149248.0
123,도봉구,여자,190845.0,190032.0,187669.0,187220.0,185573.0,184113.0,182350.0,180311.0,179179.0,177620.0,176208.0,173871.0,170721.0,166190.0,163660.0,161269.0,159616.0
124,도봉구,한국인,375705.0,373278.0,368492.0,367783.0,364483.0,361572.0,357736.0,353296.0,350526.0,346629.0,342861.0,337820.0,331238.0,321717.0,316098.0,310509.0,306346.0
125,도봉구,남자,186431.0,184943.0,182419.0,182077.0,180350.0,178785.0,176633.0,174217.0,172571.0,170289.0,168009.0,165314.0,161879.0,156810.0,153716.0,150806.0,148366.0
126,도봉구,여자,189274.0,188335.0,186073.0,185706.0,184133.0,182787.0,181103.0,179079.0,177955.0,176340.0,174852.0,172506.0,169359.0,164907.0,162382.0,159703.0,157980.0
127,도봉구,등록외국인,2685.0,2809.0,2603.0,2426.0,2338.0,2110.0,1995.0,1986.0,1995.0,2017.0,2180.0,2269.0,2257.0,2035.0,2002.0,2349.0,2518.0
128,도봉구,남자,1114.0,1112.0,1007.0,912.0,898.0,784.0,748.0,754.0,771.0,737.0,824.0,904.0,895.0,752.0,724.0,783.0,882.0
129,도봉구,여자,1571.0,1697.0,1596.0,1514.0,1440.0,1326.0,1247.0,1232.0,1224.0,1280.0,1356.0,1365.0,1362.0,1283.0,1278.0,1566.0,1636.0
130,도봉구,세대당인구,2.7102645,2.68,2.66,2.62,2.63,2.62,2.6,2.58,2.56,2.54,2.49,2.44,2.39,2.33,2.28,2.24,2.21
131,도봉구,65세이상고령자,33527.0,35299.0,36736.0,38518.0,40587.0,43014.0,45067.0,47100.0,49161.0,51312.0,54293.0,56742.0,60023.0,62360.0,65122.0,68114.0,71572.0
132,노원구,세대,222919.0,225207.0,225259.0,226913.0,224647.0,222910.0,221823.0,220895.0,220588.0,219957.0,217999.0,217748.0,217148.0,217272.0,219065.0,218341.0,218665.0
133,노원구,계,621381.0,620295.0,614603.0,612587.0,606399.0,599564.0,591596.0,584630.0,577805.0,569384.0,555803.0,545486.0,535495.0,522225.0,514445.0,506989.0,501727.0
134,노원구,남자,304756.0,303982.0,300833.0,299694.0,296563.0,292822.0,288735.0,285023.0,281431.0,276823.0,269762.0,264460.0,258696.0,251719.0,247417.0,243433.0,240454.0
135,노원구,여자,316625.0,316313.0,313770.0,312893.0,309836.0,306742.0,302861.0,299607.0,296374.0,292561.0,286041.0,281026.0,276799.0,270506.0,267028.0,263556.0,261273.0
136,노원구,한국인,616750.0,615430.0,610201.0,608388.0,602372.0,595929.0,588143.0,581096.0,574064.0,565565.0,551902.0,541174.0,531037.0,518278.0,510486.0,502515.0,497064.0
137,노원구,남자,302751.0,301874.0,298947.0,297928.0,294861.0,291282.0,287263.0,283520.0,279821.0,275211.0,268144.0,262593.0,256726.0,249942.0,245663.0,241532.0,238492.0
138,노원구,여자,313999.0,313556.0,311254.0,310460.0,307511.0,304647.0,300880.0,297576.0,294243.0,290354.0,283758.0,278581.0,274311.0,268336.0,264823.0,260983.0,258572.0
139,노원구,등록외국인,4631.0,4865.0,4402.0,4199.0,4027.0,3635.0,3453.0,3534.0,3741.0,3819.0,3901.0,4312.0,4458.0,3947.0,3959.0,4474.0,4663.0
140,노원구,남자,2005.0,2108.0,1886.0,1766.0,1702.0,1540.0,1472.0,1503.0,1610.0,1612.0,1618.0,1867.0,1970.0,1777.0,1754.0,1901.0,1962.0
141,노원구,여자,2626.0,2757.0,2516.0,2433.0,2325.0,2095.0,1981.0,2031.0,2131.0,2207.0,2283.0,2445.0,2488.0,2170.0,2205.0,2573.0,2701.0
142,노원구,세대당인구,2.7667,2.73,2.71,2.68,2.68,2.67,2.65,2.63,2.6,2.57,2.53,2.49,2.45,2.39,2.33,2.3,2.27
143,노원구,65세이상고령자,51515.0,53659.0,55384.0,57325.0,59520.0,62128.0,64564.0,67297.0,69578.0,71941.0,75081.0,78170.0,82682.0,85906.0,89426.0,93279.0,97596.0
144,은평구,세대,180114.0,184136.0,187028.0,197298.0,199192.0,201290.0,202366.0,202819.0,203140.0,201869.0,203431.0,206527.0,208209.0,212725.0,215178.0,213989.0,216340.0
145,은평구,계,459387.0,467701.0,474165.0,496310.0,503115.0,507644.0,506560.0,504165.0,501242.0,494388.0,490253.0,488713.0,482509.0,479607.0,476013.0,468766.0,470185.0
146,은평구,남자,226965.0,230854.0,233565.0,244017.0,246967.0,248863.0,247845.0,246293.0,244103.0,240220.0,237542.0,235925.0,231953.0,229589.0,227172.0,222911.0,222757.0
147,은평구,여자,232422.0,236847.0,240600.0,252293.0,256148.0,258781.0,258715.0,257872.0,257139.0,254168.0,252711.0,252788.0,250556.0,250018.0,248841.0,245855.0,247428.0
148,은평구,한국인,454772.0,462532.0,469329.0,491525.0,498496.0,503231.0,502088.0,499616.0,496659.0,489943.0,485902.0,484274.0,478019.0,475501.0,472259.0,464871.0,466007.0
149,은평구,남자,225035.0,228639.0,231489.0,242012.0,245049.0,247013.0,245964.0,244332.0,242160.0,238337.0,235674.0,234064.0,230147.0,227910.0,225640.0,221350.0,221117.0
150,은평구,여자,229737.0,233893.0,237840.0,249513.0,253447.0,256218.0,256124.0,255284.0,254499.0,251606.0,250228.0,250210.0,247872.0,247591.0,246619.0,243521.0,244890.0
151,은평구,등록외국인,4615.0,5169.0,4836.0,4785.0,4619.0,4413.0,4472.0,4549.0,4583.0,4445.0,4351.0,4439.0,4490.0,4106.0,3754.0,3895.0,4178.0
152,은평구,남자,1930.0,2215.0,2076.0,2005.0,1918.0,1850.0,1881.0,1961.0,1943.0,1883.0,1868.0,1861.0,1806.0,1679.0,1532.0,1561.0,1640.0
153,은평구,여자,2685.0,2954.0,2760.0,2780.0,2701.0,2563.0,2591.0,2588.0,2640.0,2562.0,2483.0,2578.0,2684.0,2427.0,2222.0,2334.0,2538.0
154,은평구,세대당인구,2.524912,2.51,2.51,2.49,2.5,2.5,2.48,2.46,2.44,2.43,2.39,2.34,2.3,2.24,2.19,2.17,2.15
155,은평구,65세이상고령자,44040.0,47136.0,50026.0,54528.0,58110.0,62014.0,65080.0,67939.0,70311.0,72334.0,75535.0,78406.0,82245.0,85140.0,88418.0,90556.0,95209.0
156,서대문구,세대,143792.0,137215.0,137069.0,137520.0,134196.0,135916.0,135563.0,134583.0,137303.0,137207.0,137758.0,139811.0,142109.0,143180.0,145044.0,147146.0,147467.0
157,서대문구,계,355896.0,338784.0,336490.0,331607.0,322617.0,326604.0,324080.0,319938.0,326746.0,327163.0,324871.0,324604.0,325875.0,318814.0,317075.0,321966.0,320378.0
158,서대문구,남자,173737.0,165358.0,164179.0,161609.0,157119.0,158732.0,157283.0,154723.0,157763.0,156765.0,154960.0,154410.0,154502.0,151331.0,149805.0,151089.0,149598.0
159,서대문구,여자,182159.0,173426.0,172311.0,169998.0,165498.0,167872.0,166797.0,165215.0,168983.0,170398.0,169911.0,170194.0,171373.0,167483.0,167270.0,170877.0,170780.0
160,서대문구,한국인,346628.0,329566.0,327159.0,321991.0,312867.0,316630.0,314025.0,309243.0,315778.0,314982.0,312311.0,311771.0,312642.0,308482.0,305866.0,308437.0,305986.0
161,서대문구,남자,169504.0,161246.0,160145.0,157572.0,153029.0,154679.0,153228.0,150562.0,153651.0,152613.0,150793.0,150103.0,150051.0,147655.0,145958.0,146732.0,145110.0
162,서대문구,여자,177124.0,168320.0,167014.0,164419.0,159838.0,161951.0,160797.0,158681.0,162127.0,162369.0,161518.0,161668.0,162591.0,160827.0,159908.0,161705.0,160876.0
163,서대문구,등록외국인,9268.0,9218.0,9331.0,9616.0,9750.0,9974.0,10055.0,10695.0,10968.0,12181.0,12560.0,12833.0,13233.0,10332.0,11209.0,13529.0,14392.0
164,서대문구,남자,4233.0,4112.0,4034.0,4037.0,4090.0,4053.0,4055.0,4161.0,4112.0,4152.0,4167.0,4307.0,4451.0,3676.0,3847.0,4357.0,4488.0
165,서대문구,여자,5035.0,5106.0,5297.0,5579.0,5660.0,5921.0,6000.0,6534.0,6856.0,8029.0,8393.0,8526.0,8782.0,6656.0,7362.0,9172.0,9904.0
166,서대문구,세대당인구,2.4106209,2.4,2.39,2.34,2.33,2.33,2.32,2.3,2.3,2.3,2.27,2.23,2.2,2.15,2.11,2.1,2.07
167,서대문구,65세이상고령자,36929.0,36751.0,38016.0,39623.0,40580.0,42888.0,44377.0,45771.0,47319.0,48161.0,49645.0,51085.0,53038.0,53440.0,55012.0,56785.0,58797.0
168,마포구,세대,169094.0,166184.0,165741.0,170861.0,168371.0,166797.0,167305.0,171028.0,171489.0,169404.0,170219.0,173517.0,176133.0,177170.0,180702.0,181034.0,181745.0
169,마포구,계,402760.0,394204.0,392087.0,402028.0,397736.0,393330.0,391177.0,398649.0,397575.0,389649.0,385624.0,386571.0,386086.0,378216.0,378629.0,376542.0,374962.0
170,마포구,남자,197293.0,192432.0,191157.0,195771.0,192897.0,190365.0,188765.0,191897.0,190413.0,185889.0,182905.0,182249.0,181204.0,177377.0,176886.0,175162.0,173740.0
171,마포구,여자,205467.0,201772.0,200930.0,206257.0,204839.0,202965.0,202412.0,206752.0,207162.0,203760.0,202719.0,204322.0,204882.0,200839.0,201743.0,201380.0,201222.0
172,마포구,한국인,394542.0,385861.0,383741.0,393110.0,388693.0,384314.0,381986.0,388275.0,386944.0,378566.0,374742.0,375106.0,374570.0,368518.0,368331.0,365570.0,363645.0
173,마포구,남자,193245.0,188455.0,187154.0,191543.0,188701.0,186266.0,184701.0,187415.0,185997.0,181346.0,178661.0,177872.0,176943.0,173624.0,173073.0,171215.0,169745.0
174,마포구,여자,201297.0,197406.0,196587.0,201567.0,199992.0,198048.0,197285.0,200860.0,200947.0,197220.0,196081.0,197234.0,197627.0,194894.0,195258.0,194355.0,193900.0
175,마포구,등록외국인,8218.0,8343.0,8346.0,8918.0,9043.0,9016.0,9191.0,10374.0,10631.0,11083.0,10882.0,11465.0,11516.0,9698.0,10298.0,10972.0,11317.0
176,마포구,남자,4048.0,3977.0,4003.0,4228.0,4196.0,4099.0,4064.0,4482.0,4416.0,4543.0,4244.0,4377.0,4261.0,3753.0,3813.0,3947.0,3995.0
177,마포구,여자,4170.0,4366.0,4343.0,4690.0,4847.0,4917.0,5127.0,5892.0,6215.0,6540.0,6638.0,7088.0,7255.0,5945.0,6485.0,7025.0,7322.0
178,마포구,세대당인구,2.3332703,2.32,2.32,2.3,2.31,2.3,2.28,2.27,2.26,2.23,2.2,2.16,2.13,2.08,2.04,2.02,2.0
179,마포구,65세이상고령자,36850.0,37440.0,38803.0,41831.0,43322.0,44918.0,46283.0,47884.0,48908.0,48765.0,50122.0,51293.0,53283.0,53494.0,55168.0,56582.0,58592.0
180,양천구,세대,182071.0,182978.0,181789.0,182998.0,182324.0,181080.0,180202.0,179389.0,179008.0,176921.0,176559.0,176680.0,177436.0,180682.0,181765.0,181072.0,180619.0
181,양천구,계,508411.0,508403.0,504928.0,503867.0,504339.0,500181.0,495761.0,490745.0,487368.0,479978.0,473087.0,466622.0,460532.0,456019.0,449378.0,442345.0,437774.0
182,양천구,남자,253563.0,253277.0,251129.0,250598.0,250749.0,248503.0,246048.0,243126.0,241190.0,237117.0,233189.0,229486.0,226109.0,223450.0,219882.0,215983.0,213335.0
183,양천구,여자,254848.0,255126.0,253799.0,253269.0,253590.0,251678.0,249713.0,247619.0,246178.0,242861.0,239898.0,237136.0,234423.0,232569.0,229496.0,226362.0,224439.0
184,양천구,한국인,503083.0,502710.0,499674.0,498473.0,499100.0,495626.0,491426.0,486314.0,482945.0,475949.0,469221.0,462599.0,456339.0,452677.0,446182.0,439219.0,434528.0
185,양천구,남자,251093.0,250645.0,248745.0,248168.0,248392.0,246487.0,244094.0,241080.0,239159.0,235278.0,231409.0,227678.0,224241.0,222010.0,218554.0,214703.0,212015.0
186,양천구,여자,251990.0,252065.0,250929.0,250305.0,250708.0,249139.0,247332.0,245234.0,243786.0,240671.0,237812.0,234921.0,232098.0,230667.0,227628.0,224516.0,222513.0
187,양천구,등록외국인,5328.0,5693.0,5254.0,5394.0,5239.0,4555.0,4335.0,4431.0,4423.0,4029.0,3866.0,4023.0,4193.0,3342.0,3196.0,3126.0,3246.0
188,양천구,남자,2470.0,2632.0,2384.0,2430.0,2357.0,2016.0,1954.0,2046.0,2031.0,1839.0,1780.0,1808.0,1868.0,1440.0,1328.0,1280.0,1320.0
189,양천구,여자,2858.0,3061.0,2870.0,2964.0,2882.0,2539.0,2381.0,2385.0,2392.0,2190.0,2086.0,2215.0,2325.0,1902.0,1868.0,1846.0,1926.0
190,양천구,세대당인구,2.7631144,2.75,2.75,2.72,2.74,2.74,2.73,2.71,2.7,2.69,2.66,2.62,2.57,2.51,2.45,2.43,2.41
191,양천구,65세이상고령자,34498.0,36084.0,37676.0,39472.0,41896.0,44407.0,46710.0,49027.0,50905.0,52975.0,56070.0,58930.0,62761.0,66231.0,69953.0,73522.0,77423.0
192,강서구,세대,217583.0,223194.0,221823.0,224967.0,223265.0,224346.0,227065.0,235697.0,240337.0,247696.0,256042.0,260152.0,263645.0,267442.0,272572.0,274283.0,274326.0
193,강서구,계,575428.0,584728.0,578257.0,579669.0,575205.0,573808.0,574594.0,593703.0,597473.0,603772.0,608361.0,602886.0,595703.0,582804.0,578426.0,573711.0,567159.0
194,강서구,남자,284204.0,288588.0,285170.0,285926.0,283166.0,281899.0,282032.0,290542.0,291883.0,294433.0,296098.0,292646.0,288134.0,280942.0,277797.0,275046.0,271440.0
195,강서구,여자,291224.0,296140.0,293087.0,293743.0,292039.0,291909.0,292562.0,303161.0,305590.0,309339.0,312263.0,310240.0,307569.0,301862.0,300629.0,298665.0,295719.0
196,강서구,한국인,568737.0,577913.0,572003.0,573182.0,568492.0,567582.0,568543.0,587234.0,590849.0,597248.0,601696.0,596287.0,589302.0,577320.0,573046.0,568287.0,561386.0
197,강서구,남자,280929.0,285273.0,282164.0,282765.0,279814.0,278772.0,279003.0,287392.0,288609.0,291249.0,292871.0,289454.0,285085.0,278444.0,275422.0,272693.0,268922.0
198,강서구,여자,287808.0,292640.0,289839.0,290417.0,288678.0,288810.0,289540.0,299842.0,302240.0,305999.0,308825.0,306833.0,304217.0,298876.0,297624.0,295594.0,292464.0
199,강서구,등록외국인,6691.0,6815.0,6254.0,6487.0,6713.0,6226.0,6051.0,6469.0,6624.0,6524.0,6665.0,6599.0,6401.0,5484.0,5380.0,5424.0,5773.0
200,강서구,남자,3275.0,3315.0,3006.0,3161.0,3352.0,3127.0,3029.0,3150.0,3274.0,3184.0,3227.0,3192.0,3049.0,2498.0,2375.0,2353.0,2518.0
201,강서구,여자,3416.0,3500.0,3248.0,3326.0,3361.0,3099.0,3022.0,3319.0,3350.0,3340.0,3438.0,3407.0,3352.0,2986.0,3005.0,3071.0,3255.0
202,강서구,세대당인구,2.6138853,2.59,2.58,2.55,2.55,2.53,2.5,2.49,2.46,2.41,2.35,2.29,2.24,2.16,2.1,2.07,2.05
203,강서구,65세이상고령자,43457.0,46539.0,48288.0,50965.0,53474.0,56904.0,60450.0,65420.0,68935.0,72548.0,77381.0,80903.0,85992.0,89377.0,93924.0,98659.0,103825.0
204,구로구,세대,164000.0,165684.0,167571.0,169826.0,171552.0,171789.0,172409.0,173040.0,172837.0,172272.0,171751.0,173585.0,177275.0,180027.0,181916.0,184268.0,184333.0
205,구로구,계,448044.0,449603.0,449187.0,453364.0,458935.0,454009.0,454161.0,457390.0,454252.0,447874.0,440396.0,438889.0,438308.0,426675.0,419984.0,417983.0,414271.0
206,구로구,남자,226828.0,227303.0,227014.0,229662.0,231933.0,228729.0,228515.0,230061.0,227913.0,224436.0,220903.0,220013.0,218970.0,212092.0,208027.0,206221.0,203935.0
207,구로구,여자,221216.0,222300.0,222173.0,223702.0,227002.0,225280.0,225646.0,227329.0,226339.0,223438.0,219493.0,218876.0,219338.0,214583.0,211957.0,211762.0,210336.0
208,구로구,한국인,420695.0,420152.0,421762.0,422544.0,428296.0,427334.0,426912.0,425861.0,421912.0,416487.0,408369.0,404726.0,405837.0,401074.0,396017.0,395183.0,391387.0
209,구로구,남자,212687.0,212124.0,212934.0,213355.0,215739.0,214730.0,214094.0,212975.0,210236.0,207114.0,202731.0,200367.0,200558.0,198034.0,195002.0,194039.0,191789.0
210,구로구,여자,208008.0,208028.0,208828.0,209189.0,212557.0,212604.0,212818.0,212886.0,211676.0,209373.0,205638.0,204359.0,205279.0,203040.0,201015.0,201144.0,199598.0
211,구로구,등록외국인,27349.0,29451.0,27425.0,30820.0,30639.0,26675.0,27249.0,31529.0,32340.0,31387.0,32027.0,34163.0,32471.0,25601.0,23967.0,22800.0,22884.0
212,구로구,남자,14141.0,15179.0,14080.0,16307.0,16194.0,13999.0,14421.0,17086.0,17677.0,17322.0,18172.0,19646.0,18412.0,14058.0,13025.0,12182.0,12146.0
213,구로구,여자,13208.0,14272.0,13345.0,14513.0,14445.0,12676.0,12828.0,14443.0,14663.0,14065.0,13855.0,14517.0,14059.0,11543.0,10942.0,10618.0,10738.0
214,구로구,세대당인구,2.5652134,2.54,2.52,2.49,2.5,2.49,2.48,2.46,2.44,2.42,2.38,2.33,2.29,2.23,2.18,2.14,2.12
215,구로구,65세이상고령자,34193.0,36319.0,37938.0,39808.0,43154.0,46170.0,49155.0,52157.0,54405.0,56833.0,59838.0,63017.0,67432.0,70717.0,73864.0,77259.0,81360.0
216,금천구,세대,99491.0,100323.0,100333.0,103506.0,104102.0,104333.0,104220.0,104267.0,103988.0,105146.0,106333.0,108823.0,111542.0,114402.0,118697.0,120051.0,120985.0
217,금천구,계,266126.0,266505.0,262337.0,265159.0,264299.0,260107.0,257662.0,258099.0,255274.0,255082.0,253344.0,254244.0,251370.0,244564.0,244901.0,242467.0,240680.0
218,금천구,남자,135965.0,136129.0,133998.0,136164.0,135715.0,133531.0,132357.0,132475.0,130794.0,130558.0,129791.0,130503.0,128643.0,124300.0,123959.0,122577.0,121351.0
219,금천구,여자,130161.0,130376.0,128339.0,128995.0,128584.0,126576.0,125305.0,125624.0,124480.0,124524.0,123553.0,123741.0,122727.0,120264.0,120942.0,119890.0,119329.0
220,금천구,한국인,248842.0,247357.0,244079.0,244555.0,244028.0,242824.0,240524.0,238519.0,235734.0,236353.0,234238.0,233981.0,232583.0,229844.0,231098.0,229307.0,227160.0
221,금천구,남자,126779.0,125967.0,124473.0,125238.0,125059.0,124421.0,123153.0,121826.0,120200.0,120334.0,119023.0,118913.0,118044.0,116322.0,116568.0,115624.0,114278.0
222,금천구,여자,122063.0,121390.0,119606.0,119317.0,118969.0,118403.0,117371.0,116693.0,115534.0,116019.0,115215.0,115068.0,114539.0,113522.0,114530.0,113683.0,112882.0
223,금천구,등록외국인,17284.0,19148.0,18258.0,20604.0,20271.0,17283.0,17138.0,19580.0,19540.0,18729.0,19106.0,20263.0,18787.0,14720.0,13803.0,13160.0,13520.0
224,금천구,남자,9186.0,10162.0,9525.0,10926.0,10656.0,9110.0,9204.0,10649.0,10594.0,10224.0,10768.0,11590.0,10599.0,7978.0,7391.0,6953.0,7073.0
225,금천구,여자,8098.0,8986.0,8733.0,9678.0,9615.0,8173.0,7934.0,8931.0,8946.0,8505.0,8338.0,8673.0,8188.0,6742.0,6412.0,6207.0,6447.0
226,금천구,세대당인구,2.5011509,2.47,2.43,2.36,2.34,2.33,2.31,2.29,2.27,2.25,2.2,2.15,2.09,2.01,1.95,1.91,1.88
227,금천구,65세이상고령자,21018.0,22150.0,23006.0,24272.0,25793.0,27388.0,28711.0,30173.0,31449.0,32970.0,34640.0,36301.0,38508.0,39781.0,41819.0,43772.0,46198.0
228,영등포구,세대,166640.0,168373.0,167918.0,171985.0,168642.0,168126.0,168149.0,168706.0,168222.0,165462.0,168784.0,172828.0,177743.0,184133.0,188193.0,190252.0,191709.0
229,영등포구,계,442546.0,445945.0,440863.0,447738.0,437116.0,426012.0,420898.0,421871.0,417209.0,402985.0,403988.0,404556.0,404766.0,403070.0,400241.0,398999.0,397942.0
230,영등포구,남자,223976.0,225151.0,222237.0,226355.0,220435.0,214627.0,211974.0,212467.0,209941.0,202573.0,203472.0,203579.0,202617.0,200380.0,198080.0,196502.0,195330.0
231,영등포구,여자,218570.0,220794.0,218626.0,221383.0,216681.0,211385.0,208924.0,209404.0,207268.0,200412.0,200516.0,200977.0,202149.0,202690.0,202161.0,202497.0,202612.0
232,영등포구,한국인,408080.0,408301.0,404914.0,406276.0,396196.0,390890.0,385993.0,382665.0,378445.0,368072.0,369128.0,368824.0,371903.0,377590.0,376740.0,376614.0,375148.0
233,영등포구,남자,206009.0,205785.0,203892.0,204793.0,199158.0,196405.0,193511.0,191554.0,189275.0,183705.0,184127.0,183493.0,184316.0,186692.0,185696.0,184973.0,183680.0
234,영등포구,여자,202071.0,202516.0,201022.0,201483.0,197038.0,194485.0,192482.0,191111.0,189170.0,184367.0,185001.0,185331.0,187587.0,190898.0,191044.0,191641.0,191468.0
235,영등포구,등록외국인,34466.0,37644.0,35949.0,41462.0,40920.0,35122.0,34905.0,39206.0,38764.0,34913.0,34860.0,35732.0,32863.0,25480.0,23501.0,22385.0,22794.0
236,영등포구,남자,17967.0,19366.0,18345.0,21562.0,21277.0,18222.0,18463.0,20913.0,20666.0,18868.0,19345.0,20086.0,18301.0,13688.0,12384.0,11529.0,11650.0
237,영등포구,여자,16499.0,18278.0,17604.0,19900.0,19643.0,16900.0,16442.0,18293.0,18098.0,16045.0,15515.0,15646.0,14562.0,11792.0,11117.0,10856.0,11144.0
238,영등포구,세대당인구,2.4488718,2.42,2.41,2.36,2.35,2.32,2.3,2.27,2.25,2.22,2.19,2.13,2.09,2.05,2.0,1.98,1.96
239,영등포구,65세이상고령자,37726.0,39689.0,40865.0,43358.0,44854.0,47053.0,48808.0,50699.0,52030.0,52413.0,54704.0,56463.0,59373.0,61197.0,63547.0,66014.0,68650.0
240,동작구,세대,164511.0,164170.0,163306.0,167765.0,167518.0,171183.0,173314.0,172798.0,171466.0,173033.0,173544.0,179709.0,181761.0,183579.0,186419.0,186534.0,187417.0
241,동작구,계,416525.0,411960.0,407966.0,414191.0,413994.0,419500.0,421990.0,419460.0,413282.0,412520.0,406715.0,412031.0,407802.0,398205.0,394649.0,390377.0,389576.0
242,동작구,남자,205815.0,203176.0,200772.0,203778.0,203456.0,206243.0,207427.0,205978.0,202397.0,201217.0,197848.0,199526.0,196943.0,192187.0,190377.0,188069.0,187525.0
243,동작구,여자,210710.0,208784.0,207194.0,210413.0,210538.0,213257.0,214563.0,213482.0,210885.0,211303.0,208867.0,212505.0,210859.0,206018.0,204272.0,202308.0,202051.0
244,동작구,한국인,406489.0,401281.0,397620.0,402491.0,401984.0,408843.0,411275.0,407613.0,401250.0,400456.0,394353.0,398886.0,395014.0,388730.0,386017.0,380201.0,378649.0
245,동작구,남자,201046.0,198219.0,196115.0,198435.0,197887.0,201279.0,202360.0,200338.0,196713.0,195775.0,192215.0,193622.0,191272.0,188045.0,186648.0,183900.0,183036.0
246,동작구,여자,205443.0,203062.0,201505.0,204056.0,204097.0,207564.0,208915.0,207275.0,204537.0,204681.0,202138.0,205264.0,203742.0,200685.0,199369.0,196301.0,195613.0
247,동작구,등록외국인,10036.0,10679.0,10346.0,11700.0,12010.0,10657.0,10715.0,11847.0,12032.0,12064.0,12362.0,13145.0,12788.0,9475.0,8632.0,10176.0,10927.0
248,동작구,남자,4769.0,4957.0,4657.0,5343.0,5569.0,4964.0,5067.0,5640.0,5684.0,5442.0,5633.0,5904.0,5671.0,4142.0,3729.0,4169.0,4489.0
249,동작구,여자,5267.0,5722.0,5689.0,6357.0,6441.0,5693.0,5648.0,6207.0,6348.0,6622.0,6729.0,7241.0,7117.0,5333.0,4903.0,6007.0,6438.0
250,동작구,세대당인구,2.4708925,2.44,2.43,2.4,2.4,2.39,2.37,2.36,2.34,2.31,2.27,2.22,2.17,2.12,2.07,2.04,2.02
251,동작구,65세이상고령자,37667.0,39041.0,40518.0,42901.0,45250.0,48218.0,50790.0,53074.0,54222.0,56013.0,57711.0,60462.0,63378.0,65396.0,67470.0,68766.0,71335.0
252,관악구,세대,238820.0,242422.0,242646.0,248362.0,247840.0,248691.0,248998.0,249748.0,251124.0,253826.0,258536.0,265360.0,270760.0,273736.0,279353.0,285914.0,286257.0
253,관악구,계,553196.0,552895.0,546814.0,550800.0,545971.0,540467.0,534868.0,533109.0,530072.0,525515.0,522292.0,520645.0,516662.0,504140.0,500336.0,502628.0,497827.0
254,관악구,남자,281083.0,280410.0,277116.0,278955.0,276435.0,273521.0,270369.0,269144.0,267390.0,264763.0,262428.0,260919.0,258982.0,252400.0,250450.0,251376.0,249130.0
255,관악구,여자,272113.0,272485.0,269698.0,271845.0,269536.0,266946.0,264499.0,263965.0,262682.0,260752.0,259864.0,259726.0,257680.0,251740.0,249886.0,251252.0,248697.0
256,관악구,한국인,536307.0,534513.0,529371.0,531539.0,526314.0,523073.0,517783.0,514219.0,510987.0,507203.0,504445.0,502615.0,499374.0,490352.0,486375.0,487815.0,481958.0
257,관악구,남자,272987.0,271658.0,268892.0,269767.0,267045.0,265185.0,262185.0,260071.0,258237.0,256090.0,253911.0,252307.0,250743.0,246097.0,244409.0,245376.0,242765.0
258,관악구,여자,263320.0,262855.0,260479.0,261772.0,259269.0,257888.0,255598.0,254148.0,252750.0,251113.0,250534.0,250308.0,248631.0,244255.0,241966.0,242439.0,239193.0
259,관악구,등록외국인,16889.0,18382.0,17443.0,19261.0,19657.0,17394.0,17085.0,18890.0,19085.0,18312.0,17847.0,18030.0,17288.0,13788.0,13961.0,14813.0,15869.0
260,관악구,남자,8096.0,8752.0,8224.0,9188.0,9390.0,8336.0,8184.0,9073.0,9153.0,8673.0,8517.0,8612.0,8239.0,6303.0,6041.0,6000.0,6365.0
261,관악구,여자,8793.0,9630.0,9219.0,10073.0,10267.0,9058.0,8901.0,9817.0,9932.0,9639.0,9330.0,9418.0,9049.0,7485.0,7920.0,8813.0,9504.0
262,관악구,세대당인구,2.2456536,2.2,2.18,2.14,2.12,2.1,2.08,2.06,2.03,2.0,1.95,1.89,1.84,1.79,1.74,1.71,1.68
263,관악구,65세이상고령자,43446.0,45734.0,48018.0,51411.0,54194.0,57670.0,60590.0,63576.0,65772.0,68082.0,70807.0,73005.0,76664.0,78400.0,80686.0,83420.0,86455.0
264,서초구,세대,159299.0,161886.0,166889.0,170521.0,169229.0,169397.0,171186.0,173259.0,172636.0,173856.0,174225.0,172929.0,173580.0,172181.0,169895.0,168234.0,170382.0
265,서초구,계,412898.0,418726.0,432888.0,440188.0,441160.0,442600.0,448263.0,453564.0,450085.0,450310.0,445164.0,437007.0,434801.0,425103.0,413677.0,408979.0,412275.0
266,서초구,남자,200765.0,203416.0,209928.0,213263.0,213738.0,214105.0,216444.0,218520.0,216403.0,216264.0,213279.0,209329.0,207877.0,203489.0,197665.0,195160.0,196224.0
267,서초구,여자,212133.0,215310.0,222960.0,226925.0,227422.0,228495.0,231819.0,235044.0,233682.0,234046.0,231885.0,227678.0,226924.0,221614.0,216012.0,213819.0,216051.0
268,서초구,한국인,406742.0,412889.0,427172.0,434809.0,435848.0,437689.0,443672.0,448952.0,445606.0,445994.0,440954.0,432762.0,430568.0,421315.0,409823.0,404831.0,407840.0
269,서초구,남자,197866.0,200648.0,207135.0,210668.0,211047.0,211549.0,214053.0,216158.0,214122.0,214036.0,211156.0,207206.0,205787.0,201619.0,195806.0,193158.0,194116.0
270,서초구,여자,208876.0,212241.0,220037.0,224141.0,224801.0,226140.0,229619.0,232794.0,231484.0,231958.0,229798.0,225556.0,224781.0,219696.0,214017.0,211673.0,213724.0
271,서초구,등록외국인,6156.0,5837.0,5716.0,5379.0,5312.0,4911.0,4591.0,4612.0,4479.0,4316.0,4210.0,4245.0,4233.0,3788.0,3854.0,4148.0,4435.0
272,서초구,남자,2899.0,2768.0,2793.0,2595.0,2691.0,2556.0,2391.0,2362.0,2281.0,2228.0,2123.0,2123.0,2090.0,1870.0,1859.0,2002.0,2108.0
273,서초구,여자,3257.0,3069.0,2923.0,2784.0,2621.0,2355.0,2200.0,2250.0,2198.0,2088.0,2087.0,2122.0,2143.0,1918.0,1995.0,2146.0,2327.0
274,서초구,세대당인구,2.5533243,2.55,2.56,2.55,2.58,2.58,2.59,2.59,2.58,2.57,2.53,2.5,2.48,2.45,2.41,2.41,2.39
275,서초구,65세이상고령자,29680.0,31891.0,34584.0,37596.0,40040.0,42723.0,45422.0,48066.0,49805.0,51733.0,54055.0,55366.0,58332.0,60209.0,61404.0,63328.0,66556.0
276,강남구,세대,227108.0,228367.0,230004.0,233533.0,231088.0,230346.0,231514.0,237996.0,236280.0,234107.0,231219.0,229546.0,233624.0,233363.0,234612.0,234735.0,243510.0
277,강남구,계,570959.0,568035.0,570913.0,576453.0,570824.0,568982.0,570701.0,583699.0,578862.0,570500.0,557865.0,546875.0,549898.0,539538.0,537338.0,537817.0,559720.0
278,강남구,남자,275482.0,274166.0,275164.0,277561.0,274780.0,273499.0,274218.0,280195.0,277575.0,273301.0,267314.0,262082.0,263163.0,258205.0,257096.0,257121.0,267549.0
279,강남구,여자,295477.0,293869.0,295749.0,298892.0,296044.0,295483.0,296483.0,303504.0,301287.0,297199.0,290551.0,284793.0,286735.0,281333.0,280242.0,280696.0,292171.0
280,강남구,한국인,562509.0,560227.0,563657.0,569367.0,563872.0,563170.0,565302.0,578361.0,573644.0,565550.0,552976.0,541854.0,544804.0,534796.0,532577.0,532798.0,554280.0
281,강남구,남자,271259.0,270185.0,271453.0,273844.0,271030.0,270341.0,271343.0,277365.0,274839.0,270726.0,264834.0,259510.0,260654.0,255880.0,254866.0,254811.0,265082.0
282,강남구,여자,291250.0,290042.0,292204.0,295523.0,292842.0,292829.0,293959.0,300996.0,298805.0,294824.0,288142.0,282344.0,284150.0,278916.0,277711.0,277987.0,289198.0
283,강남구,등록외국인,8450.0,7808.0,7256.0,7086.0,6952.0,5812.0,5399.0,5338.0,5218.0,4950.0,4889.0,5021.0,5094.0,4742.0,4761.0,5019.0,5440.0
284,강남구,남자,4223.0,3981.0,3711.0,3717.0,3750.0,3158.0,2875.0,2830.0,2736.0,2575.0,2480.0,2572.0,2509.0,2325.0,2230.0,2310.0,2467.0
285,강남구,여자,4227.0,3827.0,3545.0,3369.0,3202.0,2654.0,2524.0,2508.0,2482.0,2375.0,2409.0,2449.0,2585.0,2417.0,2531.0,2709.0,2973.0
286,강남구,세대당인구,2.4768348,2.45,2.45,2.44,2.44,2.44,2.44,2.43,2.43,2.42,2.39,2.36,2.33,2.29,2.27,2.27,2.28
287,강남구,65세이상고령자,37765.0,39718.0,41923.0,44834.0,48153.0,51389.0,54518.0,58496.0,60958.0,63167.0,65859.0,68104.0,72602.0,75602.0,79575.0,83097.0,88662.0
288,송파구,세대,240194.0,259552.0,260851.0,263832.0,261714.0,256338.0,259245.0,257643.0,255601.0,259883.0,266550.0,276815.0,279301.0,280237.0,285106.0,285489.0,287052.0
289,송파구,계,637163.0,688823.0,689909.0,692962.0,690312.0,676551.0,678912.0,672371.0,663904.0,667483.0,671994.0,685361.0,680883.0,667115.0,668261.0,663704.0,659661.0
290,송파구,남자,313785.0,338182.0,338182.0,339594.0,338071.0,331219.0,331843.0,328531.0,324076.0,325040.0,326511.0,332367.0,329058.0,321658.0,321963.0,319139.0,316590.0
291,송파구,여자,323378.0,350641.0,351727.0,353368.0,352241.0,345332.0,347069.0,343840.0,339828.0,342443.0,345483.0,352994.0,351825.0,345457.0,346298.0,344565.0,343071.0
292,송파구,한국인,629686.0,680839.0,682110.0,684786.0,682244.0,669688.0,672296.0,665271.0,656830.0,660584.0,665282.0,678521.0,674095.0,661411.0,662607.0,658006.0,653736.0
293,송파구,남자,310338.0,334594.0,334732.0,335882.0,334309.0,327974.0,328684.0,325100.0,320641.0,321676.0,323228.0,329046.0,325859.0,319047.0,319407.0,316564.0,313887.0
294,송파구,여자,319348.0,346245.0,347378.0,348904.0,347935.0,341714.0,343612.0,340171.0,336189.0,338908.0,342054.0,349475.0,348236.0,342364.0,343200.0,341442.0,339849.0
295,송파구,등록외국인,7477.0,7984.0,7799.0,8176.0,8068.0,6863.0,6616.0,7100.0,7074.0,6899.0,6712.0,6840.0,6788.0,5704.0,5654.0,5698.0,5925.0
296,송파구,남자,3447.0,3588.0,3450.0,3712.0,3762.0,3245.0,3159.0,3431.0,3435.0,3364.0,3283.0,3321.0,3199.0,2611.0,2556.0,2575.0,2703.0
297,송파구,여자,4030.0,4396.0,4349.0,4464.0,4306.0,3618.0,3457.0,3669.0,3639.0,3535.0,3429.0,3519.0,3589.0,3093.0,3098.0,3123.0,3222.0
298,송파구,세대당인구,2.6215726,2.62,2.61,2.6,2.61,2.61,2.59,2.58,2.57,2.54,2.5,2.45,2.41,2.36,2.32,2.3,2.28
299,송파구,65세이상고령자,43031.0,48122.0,50722.0,53766.0,56796.0,59511.0,63004.0,66322.0,68987.0,72506.0,77978.0,83492.0,89539.0,94145.0,99854.0,105161.0,110520.0
300,강동구,세대,175032.0,179050.0,185314.0,191344.0,189271.0,187116.0,186569.0,184737.0,179584.0,179676.0,177490.0,177140.0,190019.0,199088.0,201926.0,202637.0,205071.0
301,강동구,계,469999.0,476148.0,490945.0,501776.0,497912.0,491770.0,486616.0,477055.0,459750.0,453233.0,438225.0,429601.0,457042.0,468815.0,465097.0,464027.0,465549.0
302,강동구,남자,235551.0,238491.0,245671.0,250952.0,248896.0,245707.0,242748.0,237774.0,228978.0,225427.0,217570.0,212389.0,225226.0,230366.0,227891.0,226905.0,227085.0
303,강동구,여자,234448.0,237657.0,245274.0,250824.0,249016.0,246063.0,243868.0,239281.0,230772.0,227806.0,220655.0,217212.0,231816.0,238449.0,237206.0,237122.0,238464.0
304,강동구,한국인,465204.0,471072.0,486074.0,496480.0,492629.0,486976.0,482207.0,472377.0,455189.0,449019.0,434027.0,425267.0,452646.0,464900.0,461300.0,459982.0,461367.0
305,강동구,남자,233512.0,236365.0,243678.0,248749.0,246641.0,243641.0,240832.0,235632.0,226878.0,223488.0,215588.0,210371.0,223189.0,228609.0,226203.0,225091.0,225275.0
306,강동구,여자,231692.0,234707.0,242396.0,247731.0,245988.0,243335.0,241375.0,236745.0,228311.0,225531.0,218439.0,214896.0,229457.0,236291.0,235097.0,234891.0,236092.0
307,강동구,등록외국인,4795.0,5076.0,4871.0,5296.0,5283.0,4794.0,4409.0,4678.0,4561.0,4214.0,4198.0,4334.0,4396.0,3915.0,3797.0,4045.0,4182.0
308,강동구,남자,2039.0,2126.0,1993.0,2203.0,2255.0,2066.0,1916.0,2142.0,2100.0,1939.0,1982.0,2018.0,2037.0,1757.0,1688.0,1814.0,1810.0
309,강동구,여자,2756.0,2950.0,2878.0,3093.0,3028.0,2728.0,2493.0,2536.0,2461.0,2275.0,2216.0,2316.0,2359.0,2158.0,2109.0,2231.0,2372.0
310,강동구,세대당인구,2.6578226,2.63,2.62,2.59,2.6,2.6,2.58,2.56,2.53,2.5,2.45,2.4,2.38,2.34,2.28,2.27,2.25
311,강동구,65세이상고령자,32197.0,34421.0,37243.0,40503.0,43113.0,45935.0,48507.0,50993.0,52401.0,54622.0,56983.0,59742.0,66401.0,71203.0,75477.0,79706.0,84456.0
